filename,width,height,class,xmin,ymin,xmax,ymax
p (0002).jpg,640,480,plastico,36,1,474,470
p (0004).jpg,640,480,plastico,47,1,469,462
p (0005).jpg,640,480,plastico,29,1,467,471
p (0006).jpg,640,480,plastico,38,1,467,465
p (0007).jpg,640,480,plastico,31,1,473,463
p (0008).jpg,640,480,plastico,32,1,462,472
p (0009).jpg,640,480,plastico,41,1,467,465
p (0010).jpg,640,480,plastico,26,1,471,464
p (0013).jpg,640,480,plastico,66,1,493,479
p (0015).jpg,640,480,plastico,56,1,475,477
p (0016).jpg,640,480,plastico,54,5,496,478
p (0017).jpg,640,480,plastico,54,1,487,472
p (0018).jpg,640,480,plastico,37,5,499,477
p (0019).jpg,640,480,plastico,45,9,501,475
p (0020).jpg,640,480,plastico,40,1,459,461
p (0021).jpg,640,480,plastico,36,2,467,473
p (0024).jpg,640,480,plastico,42,1,464,467
p (0026).jpg,640,480,plastico,70,27,500,470
p (0027).jpg,640,480,plastico,76,26,493,478
p (0028).jpg,640,480,plastico,66,28,499,475
p (0029).jpg,640,480,plastico,75,27,497,474
p (0030).jpg,640,480,plastico,72,24,497,477
p (0031).jpg,640,480,plastico,75,24,495,475
p (0032).jpg,640,480,plastico,78,28,497,471
p (0035).jpg,640,480,plastico,69,25,493,476
p (0037).jpg,640,480,plastico,76,26,499,477
p (0038).jpg,640,480,plastico,75,27,496,472
p (0039).jpg,640,480,plastico,67,28,489,472
p (0040).jpg,640,480,plastico,76,21,497,478
p (0041).jpg,640,480,plastico,64,1,466,467
p (0042).jpg,640,480,plastico,62,1,461,462
p (0043).jpg,640,480,plastico,55,1,467,469
p (0046).jpg,640,480,plastico,50,1,474,460
p (0048).jpg,640,480,plastico,57,1,470,467
p (0049).jpg,640,480,plastico,51,1,466,465
p (0050).jpg,640,480,plastico,51,1,472,464
p (0051).jpg,640,480,plastico,57,1,472,464
p (0052).jpg,640,480,plastico,55,1,471,462
p (0053).jpg,640,480,plastico,62,1,475,461
p (0054).jpg,640,480,plastico,71,1,500,472
p (0057).jpg,640,480,plastico,63,1,497,470
p (0059).jpg,640,480,plastico,58,1,496,472
p (0060).jpg,640,480,plastico,68,1,502,478
p (0061).jpg,640,480,plastico,61,1,493,471
p (0062).jpg,640,480,plastico,69,1,502,478
p (0063).jpg,640,480,plastico,67,1,493,472
p (0064).jpg,640,480,plastico,64,1,498,473
p (0065).jpg,640,480,plastico,62,1,502,473
p (0068).jpg,640,480,plastico,45,1,474,456
p (0070).jpg,640,480,plastico,41,1,481,453
p (0071).jpg,640,480,plastico,37,1,473,457
p (0072).jpg,640,480,plastico,27,1,476,448
p (0073).jpg,640,480,plastico,39,1,477,455
p (0074).jpg,640,480,plastico,35,1,471,453
p (0075).jpg,640,480,plastico,36,2,475,451
p (0076).jpg,640,480,plastico,31,1,473,456
p (0079).jpg,640,480,plastico,37,1,476,451
p (0081).jpg,640,480,plastico,71,1,517,479
p (0082).jpg,640,480,plastico,56,1,526,478
p (0083).jpg,640,480,plastico,52,1,518,478
p (0084).jpg,640,480,plastico,66,1,512,479
p (0085).jpg,640,480,plastico,63,1,511,479
p (0086).jpg,640,480,plastico,53,1,513,476
p (0087).jpg,640,480,plastico,70,2,504,478
p (0090).jpg,640,480,plastico,66,1,506,478
p (0092).jpg,640,480,plastico,33,1,476,454
p (0093).jpg,640,480,plastico,16,1,463,461
p (0094).jpg,640,480,plastico,24,1,482,453
p (0095).jpg,640,480,plastico,28,1,468,464
p (0096).jpg,640,480,plastico,15,1,469,464
p (0097).jpg,640,480,plastico,21,1,475,456
p (0098).jpg,640,480,plastico,22,1,473,454
p (0101).jpg,640,480,plastico,63,17,482,478
p (0103).jpg,640,480,plastico,57,17,486,479
p (0104).jpg,640,480,plastico,67,19,487,478
p (0105).jpg,640,480,plastico,67,16,494,479
p (0106).jpg,640,480,plastico,73,16,494,475
p (0107).jpg,640,480,plastico,59,13,489,476
p (0108).jpg,640,480,plastico,61,16,487,476
p (0109).jpg,640,480,plastico,69,16,495,476
p (0112).jpg,640,480,plastico,26,1,472,459
p (0114).jpg,640,480,plastico,42,2,470,457
p (0115).jpg,640,480,plastico,42,1,474,457
p (0116).jpg,640,480,plastico,46,1,473,463
p (0117).jpg,640,480,plastico,36,1,473,456
p (0118).jpg,640,480,plastico,39,1,478,451
p (0119).jpg,640,480,plastico,51,1,464,462
p (0120).jpg,640,480,plastico,49,2,468,466
p (0123).jpg,640,480,plastico,44,1,467,459
p (0125).jpg,640,480,plastico,93,34,486,476
p (0126).jpg,640,480,plastico,88,28,484,475
p (0127).jpg,640,480,plastico,82,29,489,478
p (0128).jpg,640,480,plastico,82,26,484,478
p (0129).jpg,640,480,plastico,88,32,485,475
p (0130).jpg,640,480,plastico,88,29,488,477
p (0131).jpg,640,480,plastico,91,33,486,476
p (0134).jpg,640,480,plastico,82,37,480,476
p (0136).jpg,640,480,plastico,56,32,483,475
p (0137).jpg,640,480,plastico,91,34,481,478
p (0138).jpg,640,480,plastico,88,34,490,476
p (0139).jpg,640,480,plastico,93,31,485,479
p (0140).jpg,640,480,plastico,74,32,482,474
p (0141).jpg,640,480,plastico,72,30,484,475
p (0142).jpg,640,480,plastico,78,34,483,477
p (0145).jpg,640,480,plastico,87,24,486,478
p (0147).jpg,640,480,plastico,90,31,486,475
p (0148).jpg,640,480,plastico,89,34,485,478
p (0149).jpg,640,480,plastico,86,40,484,475
p (0150).jpg,640,480,plastico,81,36,482,478
p (0151).jpg,640,480,plastico,78,37,483,477
p (0152).jpg,640,480,plastico,83,37,483,477
p (0153).jpg,640,480,plastico,83,38,488,476
p (0156).jpg,640,480,plastico,61,15,464,472
p (0158).jpg,640,480,plastico,53,13,470,459
p (0159).jpg,640,480,plastico,56,10,468,467
p (0160).jpg,640,480,plastico,58,22,472,454
p (0161).jpg,640,480,plastico,68,27,466,464
p (0162).jpg,640,480,plastico,56,15,459,470
p (0163).jpg,640,480,plastico,50,16,471,458
p (0164).jpg,640,480,plastico,56,16,465,467
p (0167).jpg,640,480,plastico,64,9,469,467
p (0169).jpg,640,480,plastico,61,13,459,470
p (0170).jpg,640,480,plastico,65,15,461,464
p (0171).jpg,640,480,plastico,64,19,462,464
p (0172).jpg,640,480,plastico,65,20,464,464
p (0173).jpg,640,480,plastico,56,16,472,462
p (0174).jpg,640,480,plastico,99,23,501,479
p (0175).jpg,640,480,plastico,94,22,500,478
p (0178).jpg,640,480,plastico,91,22,498,478
p (0180).jpg,640,480,plastico,64,31,508,478
p (0181).jpg,640,480,plastico,79,27,502,477
p (0182).jpg,640,480,plastico,82,30,504,479
p (0183).jpg,640,480,plastico,72,29,505,478
p (0184).jpg,640,480,plastico,77,32,513,478
p (0185).jpg,640,480,plastico,76,33,509,478
p (0186).jpg,640,480,plastico,74,29,508,478
p (0189).jpg,640,480,plastico,68,33,510,478
p (0191).jpg,640,480,plastico,72,24,507,479
p (0192).jpg,640,480,plastico,80,29,513,477
p (0193).jpg,640,480,plastico,78,32,508,478
p (0194).jpg,640,480,plastico,74,29,511,477
p (0195).jpg,640,480,plastico,72,34,510,478
p (0196).jpg,640,480,plastico,75,34,513,477
p (0197).jpg,640,480,plastico,83,31,505,478
p (0200).jpg,640,480,plastico,60,1,461,463
p (0202).jpg,640,480,plastico,53,1,456,467
p (0203).jpg,640,480,plastico,52,1,465,465
p (0204).jpg,640,480,plastico,41,1,463,466
p (0205).jpg,640,480,plastico,51,1,464,459
p (0206).jpg,640,480,plastico,51,1,464,462
p (0207).jpg,640,480,plastico,43,2,474,453
p (0208).jpg,640,480,plastico,50,1,464,457
p (0211).jpg,640,480,plastico,153,137,473,478
p (0213).jpg,640,480,plastico,169,133,474,474
p (0214).jpg,640,480,plastico,157,137,473,479
p (0215).jpg,640,480,plastico,151,143,478,476
p (0216).jpg,640,480,plastico,151,143,475,479
p (0217).jpg,640,480,plastico,162,138,478,479
p (0218).jpg,640,480,plastico,167,137,474,480
p (0219).jpg,640,480,plastico,164,138,475,480
p (0222).jpg,640,480,plastico,154,140,483,480
p (0224).jpg,640,480,plastico,158,135,477,480
p (0225).jpg,640,480,plastico,159,137,486,480
p (0226).jpg,640,480,plastico,159,140,481,480
p (0227).jpg,640,480,plastico,157,136,481,480
p (0228).jpg,640,480,plastico,160,136,483,480
p (0229).jpg,640,480,plastico,166,137,480,480
p (0230).jpg,640,480,plastico,167,134,484,480
p (0233).jpg,640,480,plastico,145,128,480,480
p (0235).jpg,640,480,plastico,163,124,464,480
p (0236).jpg,640,480,plastico,141,125,468,480
p (0237).jpg,640,480,plastico,138,132,471,480
p (0238).jpg,640,480,plastico,151,126,466,480
p (0239).jpg,640,480,plastico,143,130,470,480
p (0240).jpg,640,480,plastico,145,131,471,480
p (0241).jpg,640,480,plastico,151,128,468,480
p (0244).jpg,640,480,plastico,151,128,475,459
p (0246).jpg,640,480,plastico,159,127,466,478
p (0247).jpg,640,480,plastico,141,130,466,473
p (0248).jpg,640,480,plastico,146,126,470,472
p (0249).jpg,640,480,plastico,153,129,468,478
p (0250).jpg,640,480,plastico,130,95,500,480
p (0251).jpg,640,480,plastico,129,89,489,479
p (0252).jpg,640,480,plastico,128,94,505,480
p (0255).jpg,640,480,plastico,131,93,492,480
p (0257).jpg,640,480,plastico,132,89,490,480
p (0258).jpg,640,480,plastico,138,93,488,480
p (0259).jpg,640,480,plastico,122,96,492,480
p (0260).jpg,640,480,plastico,132,89,491,480
p (0261).jpg,640,480,plastico,136,89,493,480
p (0262).jpg,640,480,plastico,128,93,499,480
p (0263).jpg,640,480,plastico,131,93,497,480
p (0266).jpg,640,480,plastico,115,62,478,470
p (0268).jpg,640,480,plastico,99,61,464,477
p (0269).jpg,640,480,plastico,89,71,464,470
p (0270).jpg,640,480,plastico,104,65,467,470
p (0271).jpg,640,480,plastico,102,70,470,469
p (0272).jpg,640,480,plastico,102,70,470,465
p (0273).jpg,640,480,plastico,88,70,472,467
p (0274).jpg,640,480,plastico,97,67,464,469
p (0277).jpg,640,480,plastico,108,57,464,464
p (0279).jpg,640,480,plastico,107,70,469,471
p (0280).jpg,640,480,plastico,105,69,464,476
p (0281).jpg,640,480,plastico,104,70,464,472
p (0282).jpg,640,480,plastico,102,65,464,468
p (0283).jpg,640,480,plastico,102,64,465,471
p (0284).jpg,640,480,plastico,105,70,466,471
p (0285).jpg,640,480,plastico,100,72,467,472
p (0288).jpg,640,480,plastico,97,64,471,467
p (0290).jpg,640,480,plastico,53,1,497,478
p (0291).jpg,640,480,plastico,46,1,491,477
p (0292).jpg,640,480,plastico,50,1,491,478
p (0293).jpg,640,480,plastico,56,2,491,475
p (0294).jpg,640,480,plastico,48,1,456,473
p (0295).jpg,640,480,plastico,24,1,484,460
p (0296).jpg,640,480,plastico,37,1,476,469
p (0299).jpg,640,480,plastico,34,1,470,463
p (0301).jpg,640,480,plastico,170,164,484,480
p (0302).jpg,640,480,plastico,175,158,493,480
p (0303).jpg,640,480,plastico,184,163,481,477
p (0304).jpg,640,480,plastico,182,162,490,480
p (0305).jpg,640,480,plastico,163,136,464,473
p (0306).jpg,640,480,plastico,154,133,466,464
p (0307).jpg,640,480,plastico,153,140,472,470
p (0310).jpg,640,480,plastico,111,141,465,468
p (0312).jpg,640,480,plastico,161,145,480,480
p (0313).jpg,640,480,plastico,170,136,482,480
p (0314).jpg,640,480,plastico,163,143,485,480
p (0315).jpg,640,480,plastico,164,141,494,477
p (0316).jpg,640,480,plastico,178,135,488,480
p (0317).jpg,640,480,plastico,161,142,482,480
p (0318).jpg,640,480,plastico,161,141,490,480
p (0321).jpg,640,480,plastico,161,126,468,480
p (0323).jpg,640,480,plastico,148,132,476,480
p (0324).jpg,640,480,plastico,152,124,476,480
p (0325).jpg,640,480,plastico,159,130,466,480
p (0326).jpg,640,480,plastico,145,129,480,470
p (0327).jpg,640,480,plastico,63,25,501,475
p (0328).jpg,640,480,plastico,60,34,497,480
p (0329).jpg,640,480,plastico,70,34,495,471
p (0332).jpg,640,480,plastico,53,40,502,480
p (0334).jpg,640,480,plastico,82,31,496,478
p (0335).jpg,640,480,plastico,83,29,487,480
p (0336).jpg,640,480,plastico,80,32,487,479
p (0337).jpg,640,480,plastico,63,36,494,480
p (0338).jpg,640,480,plastico,67,35,501,480
p (0339).jpg,640,480,plastico,34,1,453,477
p (0340).jpg,640,480,plastico,45,2,462,472
p (0343).jpg,640,480,plastico,72,1,451,478
p (0345).jpg,640,480,plastico,49,3,455,475
p (0346).jpg,640,480,plastico,46,1,454,472
p (0347).jpg,640,480,plastico,56,1,459,476
p (0348).jpg,640,480,plastico,85,27,499,475
p (0349).jpg,640,480,plastico,69,37,507,474
p (0350).jpg,640,480,plastico,71,40,512,480
p (0351).jpg,640,480,plastico,90,35,500,480
p (0354).jpg,640,480,plastico,56,8,480,470
p (0356).jpg,640,480,plastico,78,10,486,468
p (0357).jpg,640,480,plastico,91,40,500,480
p (0358).jpg,640,480,plastico,94,40,502,480
p (0359).jpg,640,480,plastico,91,43,509,480
p (0360).jpg,640,480,plastico,89,48,515,480
p (0361).jpg,640,480,plastico,91,42,494,480
p (0362).jpg,640,480,plastico,92,39,502,480
p (0363).jpg,640,480,plastico,95,43,498,480
p (0365).jpg,640,480,plastico,86,49,502,480
p (0367).jpg,640,480,plastico,61,21,469,461
p (0368).jpg,640,480,plastico,64,18,467,472
p (0369).jpg,640,480,plastico,74,18,467,468
p (0370).jpg,640,480,plastico,71,10,464,469
p (0371).jpg,640,480,plastico,61,13,472,471
p (0372).jpg,640,480,plastico,75,10,472,468
p (0373).jpg,640,480,plastico,64,16,474,467
p (0374).jpg,640,480,plastico,84,45,473,480
p (0376).jpg,640,480,plastico,99,47,486,480
p (0378).jpg,640,480,plastico,93,50,484,480
p (0379).jpg,640,480,plastico,89,48,495,480
p (0380).jpg,640,480,plastico,94,52,500,478
p (0381).jpg,640,480,plastico,64,28,467,462
p (0382).jpg,640,480,plastico,63,31,476,470
p (0383).jpg,640,480,plastico,61,28,470,462
p (0384).jpg,640,480,plastico,69,24,470,462
p (0385).jpg,640,480,plastico,66,31,463,460
p (0387).jpg,640,480,plastico,57,26,472,462
p (0389).jpg,640,480,plastico,59,32,466,464
p (0390).jpg,640,480,plastico,60,26,456,470
p (0391).jpg,640,480,plastico,70,34,461,468
p (0392).jpg,640,480,plastico,75,32,465,459
p (0393).jpg,640,480,plastico,73,28,468,463
p (0394).jpg,640,480,plastico,55,2,516,478
p (0395).jpg,640,480,plastico,57,1,513,478
p (0396).jpg,640,480,plastico,56,2,521,477
p (0398).jpg,640,480,plastico,59,3,508,480
p (0400).jpg,640,480,plastico,53,4,513,480
p (0401).jpg,640,480,plastico,58,5,517,480
p (0402).jpg,640,480,plastico,61,2,519,480
p (0403).jpg,640,480,plastico,67,5,515,480
p (0404).jpg,640,480,plastico,50,5,511,480
p (0405).jpg,640,480,plastico,52,2,525,480
p (0406).jpg,640,480,plastico,61,4,521,478
p (0407).jpg,640,480,plastico,64,3,515,480
p (0409).jpg,640,480,plastico,67,2,514,480
p (0411).jpg,640,480,plastico,145,131,479,480
p (0412).jpg,640,480,plastico,155,134,479,480
p (0413).jpg,640,480,plastico,159,128,489,480
p (0414).jpg,640,480,plastico,153,127,496,480
p (0415).jpg,640,480,plastico,167,127,476,480
p (0416).jpg,640,480,plastico,158,126,473,480
p (0417).jpg,640,480,plastico,165,123,495,480
p (0418).jpg,640,480,plastico,167,123,492,480
p (0420).jpg,640,480,plastico,149,131,489,480
p (0422).jpg,640,480,plastico,158,129,486,480
p (0423).jpg,640,480,plastico,158,126,482,480
p (0424).jpg,640,480,plastico,155,133,480,480
p (0425).jpg,640,480,plastico,165,124,487,480
p (0426).jpg,640,480,plastico,146,124,482,480
p (0427).jpg,640,480,plastico,127,115,475,472
p (0428).jpg,640,480,plastico,129,113,467,461
p (0429).jpg,640,480,plastico,119,116,478,470
p (0431).jpg,640,480,plastico,124,110,464,470
p (0433).jpg,640,480,plastico,73,18,478,469
p (0434).jpg,640,480,plastico,83,24,492,480
p (0435).jpg,640,480,plastico,80,22,484,475
p (0436).jpg,640,480,plastico,77,24,499,480
p (0437).jpg,640,480,plastico,75,29,495,478
p (0438).jpg,640,480,plastico,81,22,499,480
p (0439).jpg,640,480,plastico,64,31,497,480
p (0440).jpg,640,480,plastico,82,21,507,476
p (0442).jpg,640,480,plastico,81,16,496,480
p (0444).jpg,640,480,plastico,76,26,492,480
p (0445).jpg,640,480,plastico,72,25,494,480
p (0446).jpg,640,480,plastico,69,28,494,474
p (0447).jpg,640,480,plastico,70,30,483,480
p (0448).jpg,640,480,plastico,59,5,467,467
p (0449).jpg,640,480,plastico,43,7,468,467
p (0450).jpg,640,480,plastico,58,10,463,464
p (0451).jpg,640,480,plastico,50,6,468,470
p (0453).jpg,640,480,plastico,45,1,463,472
p (0455).jpg,640,480,plastico,57,7,448,473
p (0456).jpg,640,480,plastico,49,6,465,460
p (0457).jpg,640,480,plastico,39,7,467,459
p (0458).jpg,640,480,plastico,32,1,473,461
p (0459).jpg,640,480,plastico,44,10,470,462
p (0460).jpg,640,480,plastico,46,9,467,466
p (0461).jpg,640,480,plastico,48,9,470,459
p (0462).jpg,640,480,plastico,38,8,480,457
p (0464).jpg,640,480,plastico,74,13,498,480
p (0466).jpg,640,480,plastico,69,16,495,480
p (0467).jpg,640,480,plastico,62,18,494,479
p (0468).jpg,640,480,plastico,65,18,490,480
p (0469).jpg,640,480,plastico,75,18,498,480
p (0470).jpg,640,480,plastico,69,15,499,480
p (0471).jpg,640,480,plastico,59,22,497,480
p (0472).jpg,640,480,plastico,77,12,504,480
p (0473).jpg,640,480,plastico,76,14,495,480
p (0475).jpg,640,480,plastico,83,10,499,480
p (0477).jpg,640,480,plastico,62,13,507,480
p (0478).jpg,640,480,plastico,67,10,507,480
p (0479).jpg,640,480,plastico,78,18,494,480
p (0480).jpg,640,480,plastico,77,17,494,480
p (0481).jpg,640,480,plastico,70,12,493,480
p (0482).jpg,640,480,plastico,70,13,496,480
p (0483).jpg,640,480,plastico,70,13,504,480
p (0484).jpg,640,480,plastico,37,1,470,460
p (0486).jpg,640,480,plastico,34,1,471,457
p (0488).jpg,640,480,plastico,36,1,465,470
p (0489).jpg,640,480,plastico,24,1,478,467
p (0490).jpg,640,480,plastico,26,1,472,468
p (0491).jpg,640,480,plastico,42,1,475,461
p (0492).jpg,640,480,plastico,36,3,466,462
p (0493).jpg,640,480,plastico,32,1,466,472
p (0494).jpg,640,480,plastico,26,1,470,465
p (0495).jpg,640,480,plastico,41,1,472,467
p (0497).jpg,640,480,plastico,43,2,476,453
p (0499).jpg,640,480,plastico,70,21,487,475
p (0500).jpg,640,480,plastico,74,19,492,480
p (0501).jpg,640,480,plastico,78,20,493,480
p (0502).jpg,640,480,plastico,63,10,498,478
p (0503).jpg,640,480,plastico,77,15,497,480
p (0504).jpg,640,480,plastico,75,10,490,480
p (0505).jpg,640,480,plastico,74,18,498,480
p (0506).jpg,640,480,plastico,83,16,497,480
p (0508).jpg,640,480,plastico,67,21,494,478
p (0510).jpg,640,480,plastico,78,19,491,480
p (0511).jpg,640,480,plastico,72,24,500,480
p (0512).jpg,640,480,plastico,75,17,483,480
p (0513).jpg,640,480,plastico,83,22,488,480
p (0514).jpg,640,480,plastico,67,27,502,480
p (0515).jpg,640,480,plastico,75,25,501,475
p (0516).jpg,640,480,plastico,79,23,495,480
p (0517).jpg,640,480,plastico,78,24,500,480
p (0519).jpg,640,480,plastico,80,26,496,480
p (0521).jpg,640,480,plastico,70,30,500,480
p (0522).jpg,640,480,plastico,52,9,478,480
p (0523).jpg,640,480,plastico,53,13,471,463
p (0524).jpg,640,480,plastico,50,14,469,459
p (0525).jpg,640,480,plastico,58,7,472,461
p (0526).jpg,640,480,plastico,52,10,472,462
p (0527).jpg,640,480,plastico,48,11,478,453
p (0528).jpg,640,480,plastico,51,9,464,463
p (0530).jpg,640,480,plastico,94,47,505,480
p (0532).jpg,640,480,plastico,93,51,505,480
p (0533).jpg,640,480,plastico,84,39,511,480
p (0534).jpg,640,480,plastico,95,38,484,480
p (0535).jpg,640,480,plastico,83,52,499,480
p (0536).jpg,640,480,plastico,88,56,488,480
p (0537).jpg,640,480,plastico,86,48,490,480
p (0538).jpg,640,480,plastico,78,33,467,458
p (0539).jpg,640,480,plastico,60,32,461,464
p (0541).jpg,640,480,plastico,72,37,457,478
p (0543).jpg,640,480,plastico,70,27,472,467
p (0544).jpg,640,480,plastico,72,32,472,467
p (0545).jpg,640,480,plastico,67,28,470,462
p (0546).jpg,640,480,plastico,89,67,505,480
p (0547).jpg,640,480,plastico,97,65,507,480
p (0548).jpg,640,480,plastico,89,67,508,480
p (0549).jpg,640,480,plastico,107,57,515,480
p (0550).jpg,640,480,plastico,128,53,509,480
p (0552).jpg,640,480,plastico,128,51,508,480
p (0554).jpg,640,480,plastico,107,56,501,478
p (0555).jpg,640,480,plastico,105,53,504,477
p (0556).jpg,640,480,plastico,102,60,511,480
p (0557).jpg,640,480,plastico,87,61,507,480
p (0558).jpg,640,480,plastico,102,62,506,480
p (0559).jpg,640,480,plastico,92,60,507,477
p (0560).jpg,640,480,plastico,110,55,506,480
p (0561).jpg,640,480,plastico,121,48,507,480
p (0563).jpg,640,480,plastico,118,55,499,475
p (0565).jpg,640,480,plastico,100,64,504,480
p (0566).jpg,640,480,plastico,106,54,499,480
p (0567).jpg,640,480,plastico,103,62,513,480
p (0568).jpg,640,480,plastico,112,59,501,480
p (0569).jpg,640,480,plastico,114,57,503,480
p (0570).jpg,640,480,plastico,77,26,477,451
p (0571).jpg,640,480,plastico,72,20,474,456
p (0572).jpg,640,480,plastico,76,24,468,462
p (0574).jpg,640,480,plastico,75,22,453,471
p (0576).jpg,640,480,plastico,66,24,457,463
p (0577).jpg,640,480,plastico,64,32,469,458
p (0578).jpg,640,480,plastico,67,22,470,468
p (0579).jpg,640,480,plastico,51,15,472,460
p (0580).jpg,640,480,plastico,67,35,460,457
p (0581).jpg,640,480,plastico,67,28,464,458
p (0582).jpg,640,480,plastico,70,29,483,468
p (0583).jpg,640,480,plastico,72,29,470,456
p (0585).jpg,640,480,plastico,51,25,472,457
p (0587).jpg,640,480,plastico,76,19,465,464
p (0588).jpg,640,480,plastico,75,22,470,464
p (0589).jpg,640,480,plastico,76,21,465,458
p (0590).jpg,640,480,plastico,67,20,463,466
p (0591).jpg,640,480,plastico,103,62,494,475
p (0592).jpg,640,480,plastico,102,66,496,480
p (0593).jpg,640,480,plastico,99,67,496,480
p (0594).jpg,640,480,plastico,102,70,497,480
p (0596).jpg,640,480,plastico,102,61,490,480
p (0598).jpg,640,480,plastico,115,68,491,480
p (0599).jpg,640,480,plastico,113,67,497,480
p (0600).jpg,640,480,plastico,101,64,497,480
p (0601).jpg,640,480,plastico,86,55,499,480
p (0602).jpg,640,480,plastico,102,72,493,480
p (0603).jpg,640,480,plastico,104,64,496,480
p (0604).jpg,640,480,plastico,98,65,504,480
p (0605).jpg,640,480,plastico,96,67,498,480
p (0607).jpg,640,480,plastico,98,57,496,480
p (0609).jpg,640,480,plastico,80,40,467,470
p (0610).jpg,640,480,plastico,80,41,471,473
p (0611).jpg,640,480,plastico,75,41,477,470
p (0612).jpg,640,480,plastico,78,43,475,464
p (0613).jpg,640,480,plastico,83,42,472,464
p (0614).jpg,640,480,plastico,75,44,490,459
p (0615).jpg,640,480,plastico,78,42,468,463
p (0616).jpg,640,480,plastico,91,37,467,470
p (0618).jpg,640,480,plastico,82,45,461,461
p (0620).jpg,640,480,plastico,75,41,462,472
p (0621).jpg,640,480,plastico,72,46,467,467
p (0622).jpg,640,480,plastico,83,40,469,463
p (0623).jpg,640,480,plastico,76,39,472,457
p (0624).jpg,640,480,plastico,166,146,487,480
p (0625).jpg,640,480,plastico,156,151,480,480
p (0626).jpg,640,480,plastico,159,155,485,480
p (0627).jpg,640,480,plastico,170,149,488,480
p (0629).jpg,640,480,plastico,170,143,484,480
p (0631).jpg,640,480,plastico,168,152,480,474
p (0632).jpg,640,480,plastico,168,154,483,480
p (0633).jpg,640,480,plastico,174,146,480,476
p (0634).jpg,640,480,plastico,161,153,477,480
p (0635).jpg,640,480,plastico,164,151,481,480
p (0636).jpg,640,480,plastico,175,156,475,480
p (0637).jpg,640,480,plastico,161,154,482,480
p (0638).jpg,640,480,plastico,166,153,477,480
p (0640).jpg,640,480,plastico,168,155,484,480
p (0642).jpg,640,480,plastico,152,132,460,480
p (0643).jpg,640,480,plastico,147,137,466,480
p (0644).jpg,640,480,plastico,151,132,463,480
p (0645).jpg,640,480,plastico,142,140,453,465
p (0646).jpg,640,480,plastico,141,142,454,470
p (0647).jpg,640,480,plastico,139,135,458,475
p (0648).jpg,640,480,plastico,143,137,457,471
p (0649).jpg,640,480,plastico,145,137,464,480
p (0651).jpg,640,480,plastico,151,140,467,460
p (0653).jpg,640,480,plastico,143,137,486,473
p (0654).jpg,640,480,plastico,159,128,485,476
p (0655).jpg,640,480,plastico,153,140,486,480
p (0656).jpg,640,480,plastico,167,135,484,470
p (0657).jpg,640,480,plastico,152,137,485,480
p (0658).jpg,640,480,plastico,160,142,502,477
p (0659).jpg,640,480,plastico,161,136,482,480
p (0660).jpg,640,480,plastico,165,140,484,480
p (0662).jpg,640,480,plastico,156,139,485,480
p (0664).jpg,640,480,plastico,159,128,469,480
p (0665).jpg,640,480,plastico,154,130,468,480
p (0666).jpg,640,480,plastico,140,125,469,480
p (0667).jpg,640,480,plastico,175,117,470,480
p (0668).jpg,640,480,plastico,177,122,473,475
p (0669).jpg,640,480,plastico,140,129,474,474
p (0670).jpg,640,480,plastico,151,118,469,480
p (0671).jpg,640,480,plastico,146,123,471,478
p (0673).jpg,640,480,plastico,70,28,488,480
p (0675).jpg,640,480,plastico,48,33,503,478
p (0676).jpg,640,480,plastico,69,27,508,475
p (0677).jpg,640,480,plastico,65,25,505,472
p (0678).jpg,640,480,plastico,61,32,497,480
p (0679).jpg,640,480,plastico,53,32,507,480
p (0680).jpg,640,480,plastico,54,28,504,480
p (0681).jpg,640,480,plastico,59,34,506,480
p (0682).jpg,640,480,plastico,57,36,501,467
p (0684).jpg,640,480,plastico,75,33,498,480
p (0686).jpg,640,480,plastico,54,1,459,466
p (0687).jpg,640,480,plastico,44,1,461,472
p (0688).jpg,640,480,plastico,33,1,474,462
p (0689).jpg,640,480,plastico,32,1,470,459
p (0690).jpg,640,480,plastico,33,5,465,462
p (0691).jpg,640,480,plastico,29,6,464,460
p (0692).jpg,640,480,plastico,34,5,467,464
p (0693).jpg,640,480,plastico,34,1,468,459
p (0695).jpg,640,480,plastico,91,28,515,478
p (0697).jpg,640,480,plastico,70,14,488,470
p (0698).jpg,640,480,plastico,86,10,490,462
p (0699).jpg,640,480,plastico,86,10,488,472
p (0700).jpg,640,480,plastico,75,2,485,479
p (0701).jpg,640,480,plastico,84,15,487,459
p (0702).jpg,640,480,plastico,70,12,480,470
p (0703).jpg,640,480,plastico,67,15,478,465
p (0704).jpg,640,480,plastico,40,10,491,475
p (0706).jpg,640,480,plastico,168,145,479,480
p (0708).jpg,640,480,plastico,183,151,472,480
p (0709).jpg,640,480,plastico,164,156,494,472
p (0710).jpg,640,480,plastico,164,152,492,480
p (0711).jpg,640,480,plastico,162,151,488,480
p (0712).jpg,640,480,plastico,167,150,485,480
p (0713).jpg,640,480,plastico,171,146,468,480
p (0714).jpg,640,480,plastico,178,151,476,480
p (0715).jpg,640,480,plastico,150,145,461,480
p (0717).jpg,640,480,plastico,158,133,470,473
p (0719).jpg,640,480,plastico,146,131,470,480
p (0720).jpg,640,480,plastico,142,132,477,480
p (0721).jpg,640,480,plastico,145,128,483,480
p (0722).jpg,640,480,plastico,150,133,476,480
p (0723).jpg,640,480,plastico,156,127,483,480
p (0724).jpg,640,480,plastico,162,121,488,480
p (0725).jpg,640,480,plastico,156,124,499,480
p (0726).jpg,640,480,plastico,132,114,463,480
p (0728).jpg,640,480,plastico,130,110,459,462
p (0730).jpg,640,480,plastico,122,108,459,464
p (0731).jpg,640,480,plastico,107,110,468,458
p (0732).jpg,640,480,plastico,134,117,464,455
p (0733).jpg,640,480,plastico,128,115,461,463
p (0734).jpg,640,480,plastico,123,62,497,480
p (0735).jpg,640,480,plastico,108,61,501,480
p (0736).jpg,640,480,plastico,118,61,497,480
p (0737).jpg,640,480,plastico,109,70,489,480
p (0739).jpg,640,480,plastico,106,67,489,480
p (0741).jpg,640,480,plastico,107,48,495,480
p (0742).jpg,640,480,plastico,113,72,496,480
p (0743).jpg,640,480,plastico,88,45,467,456
p (0744).jpg,640,480,plastico,97,38,463,466
p (0745).jpg,640,480,plastico,78,44,468,470
p (0746).jpg,640,480,plastico,84,37,468,470
p (0747).jpg,640,480,plastico,75,37,466,460
p (0748).jpg,640,480,plastico,79,40,478,462
p (0750).jpg,640,480,plastico,89,43,464,465
p (0752).jpg,640,480,plastico,70,40,470,459
p (0753).jpg,640,480,plastico,69,40,462,451
p (0754).jpg,640,480,plastico,91,53,516,472
p (0755).jpg,640,480,plastico,108,49,522,480
p (0756).jpg,640,480,plastico,106,62,512,480
p (0757).jpg,640,480,plastico,116,53,509,480
p (0758).jpg,640,480,plastico,110,62,505,480
p (0759).jpg,640,480,plastico,107,64,509,480
p (0761).jpg,640,480,plastico,106,64,516,480
p (0763).jpg,640,480,plastico,113,50,522,480
p (0764).jpg,640,480,plastico,107,56,513,478
p (0765).jpg,640,480,plastico,110,61,507,480
p (0766).jpg,640,480,plastico,60,26,474,480
p (0767).jpg,640,480,plastico,61,22,468,456
p (0768).jpg,640,480,plastico,72,19,462,459
p (0769).jpg,640,480,plastico,74,20,467,455
p (0770).jpg,640,480,plastico,76,25,467,465
p (0772).jpg,640,480,plastico,72,27,483,459
p (0774).jpg,640,480,plastico,81,26,476,466
p (0775).jpg,640,480,plastico,70,16,477,456
p (0776).jpg,640,480,plastico,86,24,470,467
p (0777).jpg,640,480,plastico,91,53,484,480
p (0778).jpg,640,480,plastico,88,45,488,480
p (0779).jpg,640,480,plastico,99,45,482,480
p (0780).jpg,640,480,plastico,95,51,490,480
p (0781).jpg,640,480,plastico,88,51,499,480
p (0783).jpg,640,480,plastico,96,50,490,477
p (0785).jpg,640,480,plastico,97,46,489,480
p (0786).jpg,640,480,plastico,105,42,475,480
p (0787).jpg,640,480,plastico,108,42,467,480
p (0788).jpg,640,480,plastico,97,47,493,480
p (0789).jpg,640,480,plastico,105,43,482,480
p (0790).jpg,640,480,plastico,94,46,482,480
p (0791).jpg,640,480,plastico,94,43,491,480
p (0792).jpg,640,480,plastico,94,44,485,480
p (0794).jpg,640,480,plastico,71,34,467,464
p (0796).jpg,640,480,plastico,70,34,474,465
p (0797).jpg,640,480,plastico,72,37,466,467
p (0798).jpg,640,480,plastico,78,32,470,468
p (0799).jpg,640,480,plastico,64,36,464,467
p (0800).jpg,640,480,plastico,159,140,492,480
p (0801).jpg,640,480,plastico,156,137,486,480
p (0802).jpg,640,480,plastico,164,142,482,480
p (0803).jpg,640,480,plastico,160,143,498,480
p (0805).jpg,640,480,plastico,159,136,479,480
p (0807).jpg,640,480,plastico,156,140,492,480
p (0808).jpg,640,480,plastico,151,135,487,478
p (0809).jpg,640,480,plastico,155,140,491,473
p (0810).jpg,640,480,plastico,164,137,484,480
p (0811).jpg,640,480,plastico,158,139,488,475
p (0812).jpg,640,480,plastico,161,143,492,470
p (0813).jpg,640,480,plastico,161,140,499,480
p (0814).jpg,640,480,plastico,144,120,469,472
p (0816).jpg,640,480,plastico,167,116,457,480
p (0818).jpg,640,480,plastico,160,120,467,478
p (0819).jpg,640,480,plastico,167,121,464,475
p (0820).jpg,640,480,plastico,133,131,475,462
p (0821).jpg,640,480,plastico,160,120,478,475
p (0822).jpg,640,480,plastico,158,129,461,475
p (0823).jpg,640,480,plastico,156,140,484,478
p (0824).jpg,640,480,plastico,159,140,480,480
p (0825).jpg,640,480,plastico,164,139,484,480
p (0827).jpg,640,480,plastico,161,133,492,480
p (0829).jpg,640,480,plastico,150,140,484,479
p (0830).jpg,640,480,plastico,165,134,480,478
p (0831).jpg,640,480,plastico,161,145,481,480
p (0832).jpg,640,480,plastico,151,136,495,478
p (0833).jpg,640,480,plastico,147,134,500,480
p (0834).jpg,640,480,plastico,156,141,486,479
p (0835).jpg,640,480,plastico,156,143,492,480
p (0836).jpg,640,480,plastico,79,18,501,480
p (0838).jpg,640,480,plastico,67,22,495,480
p (0840).jpg,640,480,plastico,80,23,494,480
p (0841).jpg,640,480,plastico,75,18,490,480
p (0842).jpg,640,480,plastico,76,22,502,480
p (0843).jpg,640,480,plastico,81,13,505,480
p (0844).jpg,640,480,plastico,67,24,494,480
p (0845).jpg,640,480,plastico,74,24,498,480
p (0846).jpg,640,480,plastico,75,19,501,480
p (0847).jpg,640,480,plastico,79,21,491,480
p (0849).jpg,640,480,plastico,75,16,488,480
p (0851).jpg,640,480,plastico,80,11,500,480
p (0852).jpg,640,480,plastico,74,15,498,480
p (0853).jpg,640,480,plastico,76,18,511,480
p (0854).jpg,640,480,plastico,82,21,501,480
p (0855).jpg,640,480,plastico,82,24,506,479
p (0856).jpg,640,480,plastico,83,14,492,480
p (0857).jpg,640,480,plastico,76,10,491,480
p (0858).jpg,640,480,plastico,80,24,495,480
p (0860).jpg,640,480,plastico,72,21,494,480
p (0862).jpg,640,480,plastico,74,18,506,480
p (0863).jpg,640,480,plastico,73,16,477,480
p (0864).jpg,640,480,plastico,70,22,484,480
p (0865).jpg,640,480,plastico,73,20,475,480
p (0866).jpg,640,480,plastico,77,25,493,480
p (0867).jpg,640,480,plastico,88,37,508,480
p (0868).jpg,640,480,plastico,96,26,496,480
p (0869).jpg,640,480,plastico,98,32,505,480
p (0871).jpg,640,480,plastico,88,31,491,480
p (0873).jpg,640,480,plastico,70,13,459,464
p (0874).jpg,640,480,plastico,75,5,469,474
p (0875).jpg,640,480,plastico,59,5,469,452
p (0876).jpg,640,480,plastico,63,5,519,480
p (0877).jpg,640,480,plastico,74,3,518,480
p (0878).jpg,640,480,plastico,57,6,515,475
p (0879).jpg,640,480,plastico,63,5,517,480
p (0880).jpg,640,480,plastico,57,2,515,480
p (0882).jpg,640,480,plastico,61,2,521,480
p (0884).jpg,640,480,plastico,66,1,513,478
p (0885).jpg,640,480,plastico,62,1,516,480
p (0886).jpg,640,480,plastico,25,1,486,459
p (0887).jpg,640,480,plastico,21,1,480,462
p (0888).jpg,640,480,plastico,18,1,475,467
p (0889).jpg,640,480,plastico,12,1,478,465
p (0890).jpg,640,480,plastico,24,1,480,470
p (0891).jpg,640,480,plastico,18,1,480,458
p (0893).jpg,640,480,plastico,188,163,494,480
p (0895).jpg,640,480,plastico,191,159,488,480
p (0896).jpg,640,480,plastico,178,162,488,480
p (0897).jpg,640,480,plastico,179,164,483,480
p (0898).jpg,640,480,plastico,186,156,492,480
p (0899).jpg,640,480,plastico,180,162,485,480
p (0900).jpg,640,480,plastico,168,162,488,480
p (0901).jpg,640,480,plastico,162,141,477,480
p (0902).jpg,640,480,plastico,164,140,461,472
p (0904).jpg,640,480,plastico,148,143,471,466
p (0906).jpg,640,480,plastico,139,138,461,465
p (0907).jpg,640,480,plastico,127,135,465,473
p (0908).jpg,640,480,plastico,145,143,467,472
p (0909).jpg,640,480,plastico,151,145,470,472
p (0910).jpg,640,480,plastico,178,161,488,480
p (0911).jpg,640,480,plastico,179,162,482,480
p (0912).jpg,640,480,plastico,67,6,503,480
p (0913).jpg,640,480,plastico,63,4,496,480
p (0915).jpg,640,480,plastico,61,4,494,480
p (0917).jpg,640,480,plastico,69,4,501,480
p (0918).jpg,640,480,plastico,71,1,475,480
p (0919).jpg,640,480,plastico,47,2,495,480
p (0920).jpg,640,480,plastico,47,4,502,477
p (0921).jpg,640,480,plastico,64,7,498,480
p (0922).jpg,640,480,plastico,64,5,498,480
p (0923).jpg,640,480,plastico,25,1,472,467
p (0924).jpg,640,480,plastico,29,1,468,461
p (0926).jpg,640,480,plastico,30,1,469,462
p (0928).jpg,640,480,plastico,81,29,490,471
p (0929).jpg,640,480,plastico,78,39,491,480
p (0930).jpg,640,480,plastico,71,39,495,480
p (0931).jpg,640,480,plastico,83,38,486,480
p (0932).jpg,640,480,plastico,86,38,483,480
p (0933).jpg,640,480,plastico,97,40,492,480
p (0934).jpg,640,480,plastico,87,37,480,474
p (0935).jpg,640,480,plastico,92,42,482,480
p (0937).jpg,640,480,plastico,86,35,490,480
p (0939).jpg,640,480,plastico,84,39,494,480
p (0940).jpg,640,480,plastico,78,44,504,480
p (0941).jpg,640,480,plastico,47,24,474,464
p (0942).jpg,640,480,plastico,51,24,473,462
p (0943).jpg,640,480,plastico,56,22,467,470
p (0944).jpg,640,480,plastico,59,17,476,459
p (0945).jpg,640,480,plastico,66,26,478,462
p (0946).jpg,640,480,plastico,61,19,473,470
p (0948).jpg,640,480,plastico,45,22,471,459
p (0950).jpg,640,480,plastico,62,16,472,463
p (0951).jpg,640,480,plastico,65,18,494,466
p (0952).jpg,640,480,plastico,58,26,516,477
p (0953).jpg,640,480,plastico,60,32,515,480
p (0954).jpg,640,480,plastico,60,30,512,480
p (0955).jpg,640,480,plastico,63,33,511,480
p (0956).jpg,640,480,plastico,60,31,514,480
p (0957).jpg,640,480,plastico,63,37,511,480
p (0959).jpg,640,480,plastico,95,29,504,480
p (0961).jpg,640,480,plastico,70,32,517,480
p (0962).jpg,640,480,plastico,64,28,517,480
p (0963).jpg,640,480,plastico,64,35,512,480
p (0964).jpg,640,480,plastico,75,30,508,480
p (0965).jpg,640,480,plastico,49,1,483,461
p (0966).jpg,640,480,plastico,56,1,464,464
p (0967).jpg,640,480,plastico,41,1,475,459
p (0968).jpg,640,480,plastico,41,1,486,461
p (0970).jpg,640,480,plastico,31,1,457,474
p (0972).jpg,640,480,plastico,32,2,466,467
p (0973).jpg,640,480,plastico,28,1,476,467
p (0974).jpg,640,480,plastico,38,1,475,462
p (0975).jpg,640,480,plastico,39,1,473,469
p (0976).jpg,640,480,plastico,50,5,469,465
p (0977).jpg,640,480,plastico,126,96,502,480
p (0978).jpg,640,480,plastico,115,97,504,480
p (0979).jpg,640,480,plastico,129,91,499,480
p (0981).jpg,640,480,plastico,132,91,500,480
p (0983).jpg,640,480,plastico,126,94,496,480
p (0984).jpg,640,480,plastico,132,94,491,480
p (0985).jpg,640,480,plastico,121,94,493,480
p (0986).jpg,640,480,plastico,130,88,497,477
p (0987).jpg,640,480,plastico,131,85,496,480
p (0988).jpg,640,480,plastico,126,87,490,480
p (0989).jpg,640,480,plastico,114,89,505,480
p (0990).jpg,640,480,plastico,132,92,507,480
p (0992).jpg,640,480,plastico,132,91,493,480
p (0994).jpg,640,480,plastico,93,62,477,460
p (0995).jpg,640,480,plastico,91,59,486,464
p (0996).jpg,640,480,plastico,97,66,476,480
p (0997).jpg,640,480,plastico,92,67,461,462
p (0998).jpg,640,480,plastico,97,70,495,460
p (0999).jpg,640,480,plastico,102,72,469,468
p (1000).jpg,640,480,plastico,110,66,477,468
p (1001).jpg,640,480,plastico,97,60,472,467
p (1003).jpg,640,480,plastico,79,65,464,464
p (1005).jpg,640,480,plastico,166,133,487,480
p (1006).jpg,640,480,plastico,160,142,480,472
p (1007).jpg,640,480,plastico,154,138,488,480
p (1008).jpg,640,480,plastico,148,135,487,476
p (1009).jpg,640,480,plastico,147,137,501,475
p (1010).jpg,640,480,plastico,152,143,506,480
p (1011).jpg,640,480,plastico,163,140,481,480
p (1012).jpg,640,480,plastico,167,139,482,480
p (1014).jpg,640,480,plastico,172,137,489,480
p (1016).jpg,640,480,plastico,159,140,491,480
p (1017).jpg,640,480,plastico,148,138,495,480
p (1018).jpg,640,480,plastico,155,126,469,480
p (1019).jpg,640,480,plastico,160,126,470,469
p (1020).jpg,640,480,plastico,153,127,477,477
p (1021).jpg,640,480,plastico,146,131,476,475
p (1022).jpg,640,480,plastico,143,132,472,475
p (1023).jpg,640,480,plastico,143,129,472,476
p (1025).jpg,640,480,plastico,137,129,451,470
p (1027).jpg,640,480,plastico,60,1,510,480
p (1028).jpg,640,480,plastico,64,3,513,480
p (1029).jpg,640,480,plastico,62,3,512,480
p (1030).jpg,640,480,plastico,65,2,509,480
p (1031).jpg,640,480,plastico,69,2,511,480
p (1032).jpg,640,480,plastico,68,4,513,480
p (1033).jpg,640,480,plastico,65,1,513,480
p (1034).jpg,640,480,plastico,65,3,515,480
p (1036).jpg,640,480,plastico,72,1,517,480
p (1038).jpg,640,480,plastico,75,1,510,480
p (1039).jpg,640,480,plastico,65,2,508,480
p (1040).jpg,640,480,plastico,69,2,511,480
p (1041).jpg,640,480,plastico,19,1,475,467
p (1042).jpg,640,480,plastico,29,1,470,465
p (1043).jpg,640,480,plastico,16,1,479,467
p (1044).jpg,640,480,plastico,22,1,478,465
p (1045).jpg,640,480,plastico,20,1,482,458
p (1047).jpg,640,480,plastico,21,1,476,466
p (1049).jpg,640,480,plastico,59,40,499,480
p (1050).jpg,640,480,plastico,56,33,494,480
p (1051).jpg,640,480,plastico,52,34,499,480
p (1052).jpg,640,480,plastico,66,31,492,480
p (1053).jpg,640,480,plastico,76,31,497,473
p (1054).jpg,640,480,plastico,67,37,501,480
p (1055).jpg,640,480,plastico,67,37,503,480
p (1056).jpg,640,480,plastico,80,34,487,480
p (1058).jpg,640,480,plastico,63,34,501,480
p (1060).jpg,640,480,plastico,67,34,496,480
p (1061).jpg,640,480,plastico,60,34,494,480
p (1062).jpg,640,480,plastico,70,37,499,480
p (1063).jpg,640,480,plastico,70,36,498,480
p (1064).jpg,640,480,plastico,48,42,506,480
p (1065).jpg,640,480,plastico,45,35,508,480
p (1066).jpg,640,480,plastico,84,26,478,474
p (1067).jpg,640,480,plastico,88,20,474,480
p (1069).jpg,640,480,plastico,72,30,491,480
p (1071).jpg,640,480,plastico,46,37,509,480
p (1072).jpg,640,480,plastico,43,5,465,466
p (1073).jpg,640,480,plastico,45,8,468,460
p (1074).jpg,640,480,plastico,39,8,467,462
p (1075).jpg,640,480,plastico,72,1,449,479
p (1076).jpg,640,480,plastico,77,1,447,478
p (1077).jpg,640,480,plastico,41,8,470,470
p (1078).jpg,640,480,plastico,48,6,459,464
p (1080).jpg,640,480,plastico,48,7,461,462
p (1082).jpg,640,480,plastico,48,3,458,461
p (1083).jpg,640,480,plastico,54,5,464,463
p (1084).jpg,640,480,plastico,51,3,497,475
p (1085).jpg,640,480,plastico,45,2,492,480
p (1086).jpg,640,480,plastico,49,5,500,473
p (1087).jpg,640,480,plastico,64,2,500,480
p (1088).jpg,640,480,plastico,48,3,506,480
p (1089).jpg,640,480,plastico,51,1,507,480
p (1091).jpg,640,480,plastico,48,2,511,478
p (1093).jpg,640,480,plastico,24,4,480,459
p (1094).jpg,640,480,plastico,18,1,470,467
p (1095).jpg,640,480,plastico,23,1,461,460
p (1096).jpg,640,480,plastico,30,1,467,464
p (1097).jpg,640,480,plastico,31,1,475,470
p (1098).jpg,640,480,plastico,35,1,475,462
p (1099).jpg,640,480,plastico,26,1,463,466
p (1100).jpg,640,480,plastico,37,1,473,462
p (1102).jpg,640,480,plastico,65,18,494,480
p (1104).jpg,640,480,plastico,68,11,516,480
p (1105).jpg,640,480,plastico,70,11,502,474
p (1106).jpg,640,480,plastico,72,10,495,480
p (1107).jpg,640,480,plastico,73,8,525,480
p (1108).jpg,640,480,plastico,64,13,498,480
p (1109).jpg,640,480,plastico,64,15,494,480
p (1110).jpg,640,480,plastico,67,17,498,480
p (1111).jpg,640,480,plastico,81,7,504,480
p (1113).jpg,640,480,plastico,75,22,484,480
p (1115).jpg,640,480,plastico,70,11,504,480
p (1116).jpg,640,480,plastico,64,7,496,480
p (1117).jpg,640,480,plastico,67,6,505,480
p (1118).jpg,640,480,plastico,66,6,489,480
p (1119).jpg,640,480,plastico,60,17,494,480
p (1120).jpg,640,480,plastico,69,14,509,480
p (1121).jpg,640,480,plastico,42,8,472,451
p (1122).jpg,640,480,plastico,29,5,469,468
p (1124).jpg,640,480,plastico,33,7,480,466
p (1126).jpg,640,480,plastico,32,2,477,466
p (1127).jpg,640,480,plastico,45,4,465,468
p (1128).jpg,640,480,plastico,73,27,499,479
p (1129).jpg,640,480,plastico,76,19,499,480
p (1130).jpg,640,480,plastico,70,29,491,480
p (1131).jpg,640,480,plastico,73,27,489,480
p (1132).jpg,640,480,plastico,80,30,494,480
p (1133).jpg,640,480,plastico,78,26,492,480
p (1135).jpg,640,480,plastico,76,27,501,480
p (1137).jpg,640,480,plastico,78,28,506,480
p (1138).jpg,640,480,plastico,58,30,498,480
p (1139).jpg,640,480,plastico,70,23,501,480
p (1140).jpg,640,480,plastico,62,23,502,480
p (1141).jpg,640,480,plastico,82,29,489,480
p (1142).jpg,640,480,plastico,70,29,492,480
p (1143).jpg,640,480,plastico,79,25,486,480
p (1144).jpg,640,480,plastico,78,23,491,480
p (1146).jpg,640,480,plastico,88,23,486,480
p (1148).jpg,640,480,plastico,53,16,471,470
p (1149).jpg,640,480,plastico,42,7,463,463
p (1150).jpg,640,480,plastico,45,2,464,472
p (1151).jpg,640,480,plastico,51,19,464,471
p (1152).jpg,640,480,plastico,39,11,478,470
p (1153).jpg,640,480,plastico,41,10,467,464
p (1154).jpg,640,480,plastico,47,8,475,462
p (1155).jpg,640,480,plastico,49,11,471,463
p (1157).jpg,640,480,plastico,63,1,506,480
p (1159).jpg,640,480,plastico,56,4,508,480
p (1160).jpg,640,480,plastico,53,2,502,478
p (1161).jpg,640,480,plastico,66,3,505,479
p (1162).jpg,640,480,plastico,63,3,494,471
p (1163).jpg,640,480,plastico,66,5,502,480
p (1164).jpg,640,480,plastico,61,2,499,480
p (1165).jpg,640,480,plastico,44,6,498,480
p (1166).jpg,640,480,plastico,47,5,497,480
p (1168).jpg,640,480,plastico,64,2,498,480
p (1170).jpg,640,480,plastico,28,1,470,469
p (1171).jpg,640,480,plastico,34,1,468,466
p (1172).jpg,640,480,plastico,39,1,474,464
p (1173).jpg,640,480,plastico,44,1,472,463
p (1174).jpg,640,480,plastico,24,1,474,475
p (1175).jpg,640,480,plastico,26,1,469,469
p (1176).jpg,640,480,plastico,30,1,472,459
p (1177).jpg,640,480,plastico,105,45,479,461
p (1179).jpg,640,480,plastico,94,51,494,480
p (1181).jpg,640,480,plastico,112,44,489,480
p (1182).jpg,640,480,plastico,113,45,488,480
p (1183).jpg,640,480,plastico,97,53,495,480
p (1184).jpg,640,480,plastico,102,59,496,480
p (1185).jpg,640,480,plastico,92,56,493,480
p (1186).jpg,640,480,plastico,102,55,493,480
p (1187).jpg,640,480,plastico,102,62,496,478
p (1188).jpg,640,480,plastico,95,55,501,477
p (1190).jpg,640,480,plastico,98,65,491,480
p (1192).jpg,640,480,plastico,72,29,468,476
p (1193).jpg,640,480,plastico,75,50,461,473
p (1194).jpg,640,480,plastico,72,37,462,464
p (1195).jpg,640,480,plastico,81,33,461,469
p (1196).jpg,640,480,plastico,88,32,460,469
p (1197).jpg,640,480,plastico,91,32,458,471
p (1198).jpg,640,480,plastico,89,23,461,472
p (1199).jpg,640,480,plastico,62,40,469,459
p (1201).jpg,640,480,plastico,71,13,505,480
p (1203).jpg,640,480,plastico,73,16,499,480
p (1204).jpg,640,480,plastico,75,22,502,480
p (1205).jpg,640,480,plastico,72,24,516,480
p (1206).jpg,640,480,plastico,57,26,513,480
p (1207).jpg,640,480,plastico,62,16,511,480
p (1208).jpg,640,480,plastico,59,26,512,480
p (1209).jpg,640,480,plastico,48,10,504,480
p (1210).jpg,640,480,plastico,75,17,502,475
p (1212).jpg,640,480,plastico,72,23,510,476
p (1214).jpg,640,480,plastico,72,19,512,480
p (1215).jpg,640,480,plastico,41,1,466,465
p (1216).jpg,640,480,plastico,39,3,471,462
p (1217).jpg,640,480,plastico,33,1,471,459
p (1218).jpg,640,480,plastico,31,1,473,462
p (1219).jpg,640,480,plastico,40,4,484,463
p (1220).jpg,640,480,plastico,67,17,495,479
p (1221).jpg,640,480,plastico,72,20,505,470
p (1223).jpg,640,480,plastico,57,28,497,480
p (1225).jpg,640,480,plastico,64,21,504,480
p (1226).jpg,640,480,plastico,82,16,488,480
p (1227).jpg,640,480,plastico,67,20,504,480
p (1228).jpg,640,480,plastico,55,18,507,480
p (1229).jpg,640,480,plastico,71,5,497,480
p (1230).jpg,640,480,plastico,70,12,496,480
p (1231).jpg,640,480,plastico,51,7,475,470
p (1232).jpg,640,480,plastico,38,11,467,474
p (1234).jpg,640,480,plastico,35,1,471,466
p (1236).jpg,640,480,plastico,64,31,495,472
p (1237).jpg,640,480,plastico,74,37,483,480
p (1238).jpg,640,480,plastico,80,25,489,480
p (1239).jpg,640,480,plastico,75,34,488,480
p (1240).jpg,640,480,plastico,78,24,487,480
p (1241).jpg,640,480,plastico,79,28,491,480
p (1242).jpg,640,480,plastico,75,26,490,480
p (1243).jpg,640,480,plastico,50,2,471,461
p (1245).jpg,640,480,plastico,46,7,466,466
p (1247).jpg,640,480,plastico,34,7,474,452
p (1248).jpg,640,480,plastico,40,1,470,466
p (1249).jpg,640,480,plastico,56,3,472,467
p (1250).jpg,640,480,plastico,63,6,524,477
p (1251).jpg,640,480,plastico,52,7,511,480
p (1252).jpg,640,480,plastico,52,2,515,476
p (1253).jpg,640,480,plastico,56,1,512,480
p (1254).jpg,640,480,plastico,64,8,515,480
p (1256).jpg,640,480,plastico,62,5,514,480
p (1258).jpg,640,480,plastico,44,1,514,480
p (1259).jpg,640,480,plastico,26,1,469,459
p (1260).jpg,640,480,plastico,13,1,476,464
p (1261).jpg,640,480,plastico,12,1,462,456
p (1262).jpg,640,480,plastico,14,1,472,470
p (1263).jpg,640,480,plastico,13,1,475,467
p (1264).jpg,640,480,plastico,27,1,478,457
p (1265).jpg,640,480,plastico,31,1,470,462
p (1267).jpg,640,480,plastico,22,1,472,467
p (1269).jpg,640,480,plastico,88,18,472,480
p (1270).jpg,640,480,plastico,74,12,495,478
p (1271).jpg,640,480,plastico,75,25,494,480
p (1272).jpg,640,480,plastico,75,23,503,479
p (1273).jpg,640,480,plastico,69,18,502,477
p (1274).jpg,640,480,plastico,66,21,500,480
p (1275).jpg,640,480,plastico,67,21,507,480
p (1276).jpg,640,480,plastico,68,26,495,480
p (1278).jpg,640,480,plastico,35,2,477,459
p (1280).jpg,640,480,plastico,32,1,478,456
p (1281).jpg,640,480,plastico,43,6,471,467
p (1282).jpg,640,480,plastico,37,5,466,470
p (1283).jpg,640,480,plastico,42,1,465,470
p (1284).jpg,640,480,plastico,43,2,462,470
p (1285).jpg,640,480,plastico,43,1,462,470
p (1286).jpg,640,480,plastico,41,1,472,467
p (1287).jpg,640,480,plastico,35,1,464,472
p (1289).jpg,640,480,plastico,63,3,505,470
p (1291).jpg,640,480,plastico,59,1,525,480
p (1292).jpg,640,480,plastico,58,2,518,477
p (1293).jpg,640,480,plastico,56,1,510,480
p (1294).jpg,640,480,plastico,57,2,513,480
p (1295).jpg,640,480,plastico,45,2,517,480
p (1296).jpg,640,480,plastico,62,4,507,480
p (1297).jpg,640,480,plastico,63,1,518,480
p (1298).jpg,640,480,plastico,63,4,523,480
p (1300).jpg,640,480,plastico,58,1,526,480
p (1302).jpg,640,480,plastico,64,1,505,480
p (1303).jpg,640,480,plastico,29,1,472,463
p (1304).jpg,640,480,plastico,31,1,475,453
p (1305).jpg,640,480,plastico,31,1,487,463
p (1306).jpg,640,480,plastico,19,1,488,469
p (1307).jpg,640,480,plastico,38,1,468,472
p (1308).jpg,640,480,plastico,22,1,476,472
p (1309).jpg,640,480,plastico,26,1,480,465
p (1311).jpg,640,480,plastico,26,1,470,467
p (1313).jpg,640,480,plastico,75,29,488,480
p (1314).jpg,640,480,plastico,83,23,484,480
p (1315).jpg,640,480,plastico,76,28,478,480
p (1316).jpg,640,480,plastico,75,29,482,480
p (1317).jpg,640,480,plastico,70,25,495,480
p (1318).jpg,640,480,plastico,78,26,494,480
p (1319).jpg,640,480,plastico,80,18,488,480
p (1320).jpg,640,480,plastico,83,18,497,480
p (1322).jpg,640,480,plastico,83,20,488,480
p (1324).jpg,640,480,plastico,72,23,483,480
p (1325).jpg,640,480,plastico,60,7,484,480
p (1326).jpg,640,480,plastico,61,11,461,470
p (1327).jpg,640,480,plastico,51,4,466,472
p (1328).jpg,640,480,plastico,55,7,463,475
p (1329).jpg,640,480,plastico,50,5,466,469
p (1330).jpg,640,480,plastico,52,1,469,465
p (1331).jpg,640,480,plastico,45,1,475,478
p (1333).jpg,640,480,plastico,51,37,505,480
p (1335).jpg,640,480,plastico,48,37,504,480
p (1336).jpg,640,480,plastico,82,31,471,480
p (1337).jpg,640,480,plastico,75,21,471,480
p (1338).jpg,640,480,plastico,48,40,510,469
p (1339).jpg,640,480,plastico,79,37,489,480
p (1340).jpg,640,480,plastico,62,35,507,480
p (1341).jpg,640,480,plastico,64,37,510,480
p (1342).jpg,640,480,plastico,52,40,503,480
p (1344).jpg,640,480,plastico,53,38,503,480
p (1346).jpg,640,480,plastico,59,1,461,475
p (1347).jpg,640,480,plastico,31,1,464,474
p (1348).jpg,640,480,plastico,31,7,471,472
p (1349).jpg,640,480,plastico,32,20,470,465
p (1350).jpg,640,480,plastico,63,3,461,478
p (1351).jpg,640,480,plastico,38,6,470,471
p (1352).jpg,640,480,plastico,77,14,491,480
p (1353).jpg,640,480,plastico,78,14,497,480
p (1355).jpg,640,480,plastico,67,20,502,480
p (1357).jpg,640,480,plastico,71,20,502,477
p (1358).jpg,640,480,plastico,75,21,503,480
p (1359).jpg,640,480,plastico,78,22,493,480
p (1360).jpg,640,480,plastico,66,14,502,475
p (1361).jpg,640,480,plastico,70,18,503,480
p (1362).jpg,640,480,plastico,37,1,460,471
p (1363).jpg,640,480,plastico,40,2,462,475
p (1364).jpg,640,480,plastico,39,1,472,466
p (1366).jpg,640,480,plastico,40,5,478,467
p (1368).jpg,640,480,plastico,41,1,471,466
p (1369).jpg,640,480,plastico,41,1,470,474
p (1370).jpg,640,480,plastico,75,19,496,480
p (1371).jpg,640,480,plastico,79,13,491,480
p (1372).jpg,640,480,plastico,70,16,489,480
p (1373).jpg,640,480,plastico,76,19,489,480
p (1374).jpg,640,480,plastico,73,17,502,480
p (1375).jpg,640,480,plastico,68,15,498,480
p (1377).jpg,640,480,plastico,79,13,487,480
p (1379).jpg,640,480,plastico,78,13,507,480
p (1380).jpg,640,480,plastico,78,18,497,480
p (1381).jpg,640,480,plastico,41,1,474,466
p (1382).jpg,640,480,plastico,47,1,470,464
p (1383).jpg,640,480,plastico,30,1,465,454
p (1384).jpg,640,480,plastico,29,2,470,467
p (1385).jpg,640,480,plastico,26,2,474,462
p (1386).jpg,640,480,plastico,46,5,466,469
p (1388).jpg,640,480,plastico,64,35,514,480
p (1390).jpg,640,480,plastico,64,40,499,480
p (1391).jpg,640,480,plastico,75,26,495,480
p (1392).jpg,640,480,plastico,53,44,501,480
p (1393).jpg,640,480,plastico,74,31,498,480
p (1394).jpg,640,480,plastico,74,34,492,480
p (1395).jpg,640,480,plastico,64,37,496,480
p (1396).jpg,640,480,plastico,68,31,500,480
p (1397).jpg,640,480,plastico,50,29,504,480
p (1399).jpg,640,480,plastico,45,7,464,464
p (1401).jpg,640,480,plastico,41,13,462,472
p (1402).jpg,640,480,plastico,46,12,464,470
p (1403).jpg,640,480,plastico,46,6,470,466
p (1404).jpg,640,480,plastico,37,10,461,473
p (1405).jpg,640,480,plastico,36,4,467,464
p (1406).jpg,640,480,plastico,77,21,501,478
p (1407).jpg,640,480,plastico,85,31,486,480
p (1408).jpg,640,480,plastico,75,29,509,480
p (1410).jpg,640,480,plastico,70,32,500,476
p (1412).jpg,640,480,plastico,67,33,509,480
p (1413).jpg,640,480,plastico,87,26,491,479
p (1414).jpg,640,480,plastico,63,34,499,480
p (1415).jpg,640,480,plastico,64,29,491,480
p (1416).jpg,640,480,plastico,75,33,501,480
p (1417).jpg,640,480,plastico,78,32,496,480
p (1418).jpg,640,480,plastico,70,33,494,480
p (1419).jpg,640,480,plastico,67,26,501,480
p (1421).jpg,640,480,plastico,61,13,479,471
p (1423).jpg,640,480,plastico,70,2,461,464
p (1424).jpg,640,480,plastico,72,6,459,472
p (1425).jpg,640,480,plastico,51,7,470,460
p (1426).jpg,640,480,plastico,49,7,472,463
p (1427).jpg,640,480,plastico,40,10,472,456
p (1428).jpg,640,480,plastico,43,5,475,457
p (1429).jpg,640,480,plastico,56,7,467,458
p (1430).jpg,640,480,plastico,57,10,510,480
p (1432).jpg,640,480,plastico,57,5,511,480
p (1434).jpg,640,480,plastico,51,5,511,480
p (1435).jpg,640,480,plastico,67,2,516,480
p (1436).jpg,640,480,plastico,59,5,508,480
p (1437).jpg,640,480,plastico,56,6,514,479
p (1438).jpg,640,480,plastico,23,1,472,461
p (1439).jpg,640,480,plastico,21,1,473,467
p (1440).jpg,640,480,plastico,26,1,467,469
p (1441).jpg,640,480,plastico,27,1,479,464
p (1443).jpg,640,480,plastico,35,1,470,470
p (1445).jpg,640,480,plastico,78,24,496,480
p (1446).jpg,640,480,plastico,81,26,507,480
p (1447).jpg,640,480,plastico,53,3,510,480
p (1448).jpg,640,480,plastico,57,5,512,480
p (1449).jpg,640,480,plastico,58,2,522,475
p (1450).jpg,640,480,plastico,60,4,523,480
p (1451).jpg,640,480,plastico,59,4,517,480
p (1452).jpg,640,480,plastico,61,2,516,480
p (1454).jpg,640,480,plastico,64,1,517,480
p (1456).jpg,640,480,plastico,50,5,515,480
p (1457).jpg,640,480,plastico,26,1,473,464
p (1458).jpg,640,480,plastico,28,1,470,458
p (1459).jpg,640,480,plastico,31,1,472,466
p (1460).jpg,640,480,plastico,31,1,474,462
p (1461).jpg,640,480,plastico,73,33,500,475
p (1462).jpg,640,480,plastico,52,35,499,480
p (1463).jpg,640,480,plastico,57,24,499,480
p (1465).jpg,640,480,plastico,75,34,499,480
p (1467).jpg,640,480,plastico,77,34,491,480
p (1468).jpg,640,480,plastico,70,41,499,480
p (1469).jpg,640,480,plastico,46,32,499,480
p (1470).jpg,640,480,plastico,79,32,495,478
p (1471).jpg,640,480,plastico,75,34,499,480
p (1472).jpg,640,480,plastico,40,5,465,469
p (1473).jpg,640,480,plastico,79,30,506,466
p (1474).jpg,640,480,plastico,70,24,499,477
p (1476).jpg,640,480,plastico,43,37,500,480
p (1478).jpg,640,480,plastico,97,16,476,480
p (1479).jpg,640,480,plastico,66,2,520,480
p (1480).jpg,640,480,plastico,70,4,513,479
p (1481).jpg,640,480,plastico,72,6,517,480
p (1482).jpg,640,480,plastico,62,5,518,479
p (1483).jpg,640,480,plastico,61,11,517,480
p (1484).jpg,640,480,plastico,23,1,468,455
p (1485).jpg,640,480,plastico,26,1,467,455
p (1487).jpg,640,480,plastico,34,1,469,456
p (1489).jpg,640,480,plastico,30,1,469,470
p (1490).jpg,640,480,plastico,18,1,461,464
p (1491).jpg,640,480,plastico,17,1,476,468
p (1492).jpg,640,480,plastico,86,44,513,469
p (1493).jpg,640,480,plastico,88,50,490,480
p (1494).jpg,640,480,plastico,83,59,491,480
p (1495).jpg,640,480,plastico,109,59,492,480
p (1496).jpg,640,480,plastico,97,42,516,478
p (1498).jpg,640,480,plastico,89,41,499,480
p (1500).jpg,640,480,plastico,91,39,503,480
p (1501).jpg,640,480,plastico,51,33,453,464
p (1502).jpg,640,480,plastico,65,28,465,468
p (1503).jpg,640,480,plastico,67,32,468,464
p (1504).jpg,640,480,plastico,70,32,460,462
p (1505).jpg,640,480,plastico,72,32,464,468
p (1506).jpg,640,480,plastico,66,35,460,460
p (1507).jpg,640,480,plastico,70,32,448,470
p (1509).jpg,640,480,plastico,62,24,465,467
p (1511).jpg,640,480,plastico,34,8,483,457
p (1512).jpg,640,480,plastico,40,1,470,463
p (1513).jpg,640,480,plastico,41,3,459,464
p (1514).jpg,640,480,plastico,50,1,468,473
p (1515).jpg,640,480,plastico,51,3,463,470
p (1516).jpg,640,480,plastico,52,7,459,472
p (1517).jpg,640,480,plastico,29,7,494,469
p (1518).jpg,640,480,plastico,52,6,494,475
p (1520).jpg,640,480,plastico,71,3,487,480
p (1522).jpg,640,480,plastico,50,17,502,480
p (1523).jpg,640,480,plastico,74,13,504,473
p (1524).jpg,640,480,plastico,72,18,498,480
p (1525).jpg,640,480,plastico,62,23,499,480
p (1526).jpg,640,480,plastico,61,39,501,480
p (1527).jpg,640,480,plastico,59,40,501,480
p (1528).jpg,640,480,plastico,75,33,488,480
p (1529).jpg,640,480,plastico,70,34,495,480
p (1531).jpg,640,480,plastico,64,45,497,480
p (1533).jpg,640,480,plastico,64,47,500,480
p (1534).jpg,640,480,plastico,90,33,494,480
p (1535).jpg,640,480,plastico,87,35,499,480
p (1536).jpg,640,480,plastico,75,37,501,480
p (1537).jpg,640,480,plastico,85,41,497,480
p (1538).jpg,640,480,plastico,70,37,501,480
p (1539).jpg,640,480,plastico,51,2,472,478
p (1540).jpg,640,480,plastico,40,7,461,474
p (1542).jpg,640,480,plastico,43,6,461,462
p (1544).jpg,640,480,plastico,47,5,474,459
p (1545).jpg,640,480,plastico,68,1,470,476
p (1546).jpg,640,480,plastico,64,3,457,472
p (1547).jpg,640,480,plastico,37,7,453,470
p (1548).jpg,640,480,plastico,48,4,502,479
p (1549).jpg,640,480,plastico,48,3,497,476
p (1550).jpg,640,480,plastico,65,2,499,476
p (1551).jpg,640,480,plastico,62,7,494,480
p (1553).jpg,640,480,plastico,47,5,497,478
p (1555).jpg,640,480,plastico,51,2,497,480
p (1556).jpg,640,480,plastico,41,7,505,480
p (1557).jpg,640,480,plastico,53,7,501,480
p (1558).jpg,640,480,plastico,55,7,505,480
p (1559).jpg,640,480,plastico,41,1,502,480
p (1560).jpg,640,480,plastico,43,5,497,480
p (1561).jpg,640,480,plastico,44,7,510,480
p (1562).jpg,640,480,plastico,46,5,503,480
p (1564).jpg,640,480,plastico,23,1,465,464
p (1566).jpg,640,480,plastico,34,1,462,470
p (1567).jpg,640,480,plastico,32,1,455,473
p (1568).jpg,640,480,plastico,41,1,460,472
p (1569).jpg,640,480,plastico,32,1,470,467
p (1570).jpg,640,480,plastico,30,1,464,472
p (1571).jpg,640,480,plastico,33,1,466,472
p (1572).jpg,640,480,plastico,19,1,477,462
p (1573).jpg,640,480,plastico,24,1,472,464
p (1575).jpg,640,480,plastico,62,19,486,480
p (1577).jpg,640,480,plastico,78,27,499,479
p (1578).jpg,640,480,plastico,75,18,491,480
p (1579).jpg,640,480,plastico,71,23,486,480
p (1580).jpg,640,480,plastico,72,27,487,480
p (1581).jpg,640,480,plastico,78,19,488,480
p (1582).jpg,640,480,plastico,83,24,480,476
p (1583).jpg,640,480,plastico,79,24,481,480
p (1584).jpg,640,480,plastico,73,32,506,480
p (1586).jpg,640,480,plastico,74,32,499,480
p (1588).jpg,640,480,plastico,77,29,493,480
p (1589).jpg,640,480,plastico,82,26,495,480
p (1590).jpg,640,480,plastico,53,2,472,468
p (1591).jpg,640,480,plastico,46,2,482,473
p (1592).jpg,640,480,plastico,25,1,472,462
p (1593).jpg,640,480,plastico,36,1,480,464
p (1594).jpg,640,480,plastico,24,7,481,466
p (1595).jpg,640,480,plastico,48,4,470,473
p (1597).jpg,640,480,plastico,42,7,480,462
p (1599).jpg,640,480,plastico,34,7,471,466
p (1600).jpg,640,480,plastico,67,10,498,470
p (1601).jpg,640,480,plastico,64,16,497,480
p (1602).jpg,640,480,plastico,64,7,503,480
p (1603).jpg,640,480,plastico,62,9,511,478
p (1604).jpg,640,480,plastico,63,9,496,480
p (1605).jpg,640,480,plastico,56,10,503,480
p (1606).jpg,640,480,plastico,66,10,502,480
p (1608).jpg,640,480,plastico,59,10,500,480
p (1610).jpg,640,480,plastico,67,13,496,480
p (1611).jpg,640,480,plastico,64,22,505,480
p (1612).jpg,640,480,plastico,35,1,468,466
p (1613).jpg,640,480,plastico,42,1,467,471
p (1614).jpg,640,480,plastico,35,1,462,478
p (1615).jpg,640,480,plastico,43,1,463,475
p (1616).jpg,640,480,plastico,32,1,464,475
p (1617).jpg,640,480,plastico,34,1,467,479
p (1619).jpg,640,480,plastico,48,1,463,472
p (1621).jpg,640,480,plastico,87,32,492,480
p (1622).jpg,640,480,plastico,70,29,507,480
p (1623).jpg,640,480,plastico,80,18,506,480
p (1624).jpg,640,480,plastico,77,18,498,480
p (1625).jpg,640,480,plastico,64,28,510,480
p (1626).jpg,640,480,plastico,74,21,499,476
p (1627).jpg,640,480,plastico,83,29,506,475
p (1628).jpg,640,480,plastico,88,27,496,480
p (1630).jpg,640,480,plastico,72,38,501,480
p (1632).jpg,640,480,plastico,71,24,504,477
p (1633).jpg,640,480,plastico,78,31,502,480
p (1634).jpg,640,480,plastico,60,2,476,464
p (1635).jpg,640,480,plastico,71,6,477,480
p (1636).jpg,640,480,plastico,48,10,484,474
p (1637).jpg,640,480,plastico,37,10,476,459
p (1638).jpg,640,480,plastico,78,5,464,470
p (1639).jpg,640,480,plastico,78,7,458,462
p (1641).jpg,640,480,plastico,63,3,474,468
p (1643).jpg,640,480,plastico,50,6,470,459
p (1644).jpg,640,480,plastico,40,2,464,464
p (1645).jpg,640,480,plastico,63,18,499,471
p (1646).jpg,640,480,plastico,48,20,497,468
p (1647).jpg,640,480,plastico,67,9,477,480
p (1648).jpg,640,480,plastico,70,14,505,478
p (1649).jpg,640,480,plastico,75,18,497,479
p (1650).jpg,640,480,plastico,65,17,501,480
p (1652).jpg,640,480,plastico,72,21,498,480
p (1654).jpg,640,480,plastico,61,17,497,480
p (1655).jpg,640,480,plastico,44,5,474,464
p (1656).jpg,640,480,plastico,24,1,475,467
p (1657).jpg,640,480,plastico,39,2,461,464
p (1658).jpg,640,480,plastico,45,2,472,474
p (1659).jpg,640,480,plastico,34,2,476,456
p (1660).jpg,640,480,plastico,25,1,472,471
p (1661).jpg,640,480,plastico,23,1,471,472
p (1663).jpg,640,480,plastico,78,23,493,478
p (1665).jpg,640,480,plastico,63,29,500,480
p (1666).jpg,640,480,plastico,75,31,488,480
p (1667).jpg,640,480,plastico,67,22,487,480
p (1668).jpg,640,480,plastico,82,31,495,480
p (1669).jpg,640,480,plastico,75,24,503,480
p (1670).jpg,640,480,plastico,75,34,496,480
p (1671).jpg,640,480,plastico,77,24,510,480
p (1672).jpg,640,480,plastico,49,5,468,459
p (1674).jpg,640,480,plastico,48,10,470,462
p (1676).jpg,640,480,plastico,43,8,466,461
p (1677).jpg,640,480,plastico,48,7,478,460
p (1678).jpg,640,480,plastico,51,1,468,458
p (1679).jpg,640,480,plastico,65,10,464,464
p (1680).jpg,640,480,plastico,63,20,502,480
p (1681).jpg,640,480,plastico,59,20,511,480
p (1682).jpg,640,480,plastico,70,16,500,480
p (1683).jpg,640,480,plastico,66,8,504,480
p (1685).jpg,640,480,plastico,62,10,505,480
p (1687).jpg,640,480,plastico,75,16,493,480
p (1688).jpg,640,480,plastico,39,1,468,472
p (1689).jpg,640,480,plastico,42,1,464,471
p (1690).jpg,640,480,plastico,35,7,468,469
p (1691).jpg,640,480,plastico,43,1,475,467
p (1692).jpg,640,480,plastico,45,1,468,475
p (1693).jpg,640,480,plastico,40,2,467,466
p (1694).jpg,640,480,plastico,22,2,470,470
p (1696).jpg,640,480,plastico,72,31,490,480
p (1698).jpg,640,480,plastico,65,45,498,480
p (1699).jpg,640,480,plastico,79,35,498,480
p (1700).jpg,640,480,plastico,76,32,500,480
p (1701).jpg,640,480,plastico,80,34,500,480
p (1702).jpg,640,480,plastico,70,37,497,480
p (1703).jpg,640,480,plastico,72,34,510,480
p (1704).jpg,640,480,plastico,67,42,502,480
p (1705).jpg,640,480,plastico,44,1,475,473
p (1707).jpg,640,480,plastico,51,5,464,472
p (1709).jpg,640,480,plastico,48,2,461,479
p (1710).jpg,640,480,plastico,36,4,474,467
p (1711).jpg,640,480,plastico,24,7,478,472
p (1712).jpg,640,480,plastico,73,23,498,480
p (1713).jpg,640,480,plastico,67,23,505,480
p (1714).jpg,640,480,plastico,67,22,500,480
p (1715).jpg,640,480,plastico,75,18,501,480
p (1716).jpg,640,480,plastico,54,1,492,480
p (1718).jpg,640,480,plastico,67,16,507,480
p (1720).jpg,640,480,plastico,75,20,503,480
p (1721).jpg,640,480,plastico,72,21,497,480
p (1722).jpg,640,480,plastico,67,21,499,480
p (1723).jpg,640,480,plastico,69,28,504,472
p (1724).jpg,640,480,plastico,50,5,478,467
p (1725).jpg,640,480,plastico,48,7,475,466
p (1726).jpg,640,480,plastico,47,1,467,462
p (1727).jpg,640,480,plastico,39,1,470,470
p (1729).jpg,640,480,plastico,44,2,471,469
p (1731).jpg,640,480,plastico,40,1,471,464
p (1732).jpg,640,480,plastico,50,1,481,468
p (1733).jpg,640,480,plastico,49,1,470,467
p (1734).jpg,640,480,plastico,41,1,470,469
p (1735).jpg,640,480,plastico,30,1,472,472
p (1736).jpg,640,480,plastico,68,3,494,480
p (1737).jpg,640,480,plastico,56,4,494,480
p (1738).jpg,640,480,plastico,56,3,505,476
p (1740).jpg,640,480,plastico,49,6,503,480
p (1742).jpg,640,480,plastico,53,5,498,480
p (1743).jpg,640,480,plastico,63,4,505,477
p (1744).jpg,640,480,plastico,61,3,491,480
